,Hist.Fumador,Canc.Piel,Numero
0,No,No,0.9109156272128112
1,No,Yes,0.08908437278718885
2,Yes,No,0.8911179588708648
3,Yes,Yes,0.10888204112913527
