,Hist.Fumador,Salud,Numero_rel
0,No,Excellent,0.21428727054850483
1,No,Fair,0.09056048804401111
2,No,Good,0.289928645351054
3,No,Poor,0.02334005120104581
4,No,Very Good,0.3818835448553843
5,Yes,Excellent,0.13262389832673394
6,Yes,Fair,0.15314855026184698
7,Yes,Good,0.33637757057095413
8,Yes,Poor,0.056249201686039085
9,Yes,Very Good,0.32160077915442586
