,Ejercicio,Salud,Numero_rel
0,No,Excellent,0.09071149943143379
1,No,Fair,0.21749456623436442
2,No,Good,0.35746261137420293
3,No,Poor,0.09877218487757834
4,No,Very Good,0.23555913808242052
5,Yes,Excellent,0.20741829969797101
6,Yes,Fair,0.08647302835229195
7,Yes,Good,0.294634912545273
8,Yes,Poor,0.018668983753932018
9,Yes,Very Good,0.392804775650532
